Country,Count
United States of America,183
China,77
Russia,26
Germany,21
India,18
Hong Kong,18
United Kingdom,15
France,15
Canada,15
Switzerland,11
Brazil,10
Australia,8
Sweden,7
Singapore,5
Japan,5
Taiwan,5
Denmark,5
Indonesia,4
Mexico,4
Israel,4
South Africa,3
Italy,3
Norway,3
Ireland,3
United Arab Emirates,2
Malaysia,2
Spain,2
Thailand,2
Saudi Arabia,2
Czech Republic,2
Colombia,2
Liechtenstein,1
South Korea,1
Georgia,1
Kazakhstan,1
Ukraine,1
Isle of Man,1
Philippines,1
Netherlands,1
Egypt,1
Cayman Islands,1
Monaco,1
Cyprus,1
New Zealand,1
Austria,1
Greece,1
Chile,1
Nigeria,1
Vietnam,1
